episode,stage,steps,final_dist,success,return
1,1,300,3.055,0,0.746
2,1,1,0.036,1,13.009
3,1,300,2.801,0,-5.184
4,1,11,0.382,1,10.013
5,1,1,0.292,1,10.080
6,1,1,0.102,1,9.976
7,1,1,0.055,1,9.986
8,1,1,0.339,1,9.995
9,1,300,3.325,0,-5.806
10,1,1,0.368,1,12.948
11,1,300,3.951,0,-6.584
12,1,2,0.396,1,10.005
13,1,1,0.350,1,9.977
14,1,8,0.634,0,-5.206
15,1,3,0.573,0,-4.969
16,1,300,0.534,0,-3.114
17,1,1,0.350,1,10.174
18,1,1,0.337,1,9.985
19,1,300,3.374,0,-5.895
20,1,300,2.231,0,-4.789
21,1,1,0.328,1,11.893
22,1,1,0.388,1,9.930
23,1,300,1.954,0,-4.537
24,1,300,4.001,0,-5.046
25,1,300,1.866,0,-0.865
26,1,47,0.398,1,9.595
27,1,300,2.032,0,-4.566
28,1,300,4.071,0,-5.038
29,1,1,0.308,1,9.999
30,1,1,0.255,1,10.002
31,1,300,3.442,0,-5.978
32,1,300,1.723,0,-4.242
33,1,1,0.354,1,11.362
34,1,300,0.688,0,-3.332
35,1,1,0.344,1,9.989
36,1,1,0.261,1,10.073
37,1,1,0.213,1,9.985
38,1,89,0.391,1,8.932
39,1,13,0.398,1,9.961
40,1,90,0.397,1,9.101
41,1,300,1.962,0,-4.564
42,1,61,0.400,1,9.668
43,1,1,0.368,1,9.993
44,1,29,0.396,1,9.810
45,1,26,0.390,1,9.835
46,1,1,0.283,1,10.097
47,1,238,0.391,1,7.511
48,1,35,0.385,1,9.759
49,1,300,0.896,0,-3.443
50,1,1,0.196,1,9.988
51,1,82,0.387,1,9.260
52,1,300,1.177,0,-3.752
53,1,1,0.198,1,9.976
54,1,7,0.399,1,10.002
55,1,6,0.399,1,9.966
56,1,114,0.391,1,8.898
57,1,1,0.195,1,10.015
58,1,300,0.706,0,-3.144
59,1,117,0.396,1,9.049
60,1,1,0.297,1,10.089
61,1,300,0.610,0,-3.120
62,1,300,3.226,0,-5.616
63,1,1,0.392,1,9.991
64,1,1,0.331,1,9.992
65,1,1,0.081,1,9.983
66,1,1,0.208,1,9.994
67,1,112,0.397,1,9.121
68,1,1,0.118,1,9.976
69,1,139,0.399,1,8.666
70,1,1,0.396,1,9.992
71,1,1,0.320,1,9.988
72,1,1,0.285,1,10.003
73,1,1,0.319,1,9.996
74,1,132,0.384,1,8.758
75,1,300,2.229,0,-4.748
76,1,1,0.247,1,11.972
77,1,1,0.347,1,9.972
78,1,1,0.313,1,9.979
79,1,1,0.108,1,9.996
80,1,1,0.375,1,9.989
81,1,3,0.507,0,-5.052
82,1,86,0.389,1,9.153
83,1,1,0.272,1,10.002
84,1,1,0.281,1,9.995
85,1,1,0.275,1,9.990
86,1,1,0.176,1,9.990
87,1,1,0.269,1,9.990
88,1,1,0.071,1,9.989
89,1,1,0.219,1,9.990
90,1,82,0.396,1,9.417
91,1,5,0.397,1,10.006
92,1,1,0.090,1,10.297
93,1,2,0.488,0,-5.024
94,1,1,0.235,1,10.000
95,1,1,0.181,1,9.991
96,1,48,0.397,1,9.698
97,1,1,0.286,1,9.997
98,1,3,0.417,0,-4.972
99,1,7,0.398,1,10.000
100,1,1,0.087,1,9.998
101,1,1,0.392,1,9.995
102,1,28,0.395,1,9.838
103,1,1,0.270,1,9.980
104,1,1,0.247,1,9.977
105,1,1,0.268,1,9.991
106,1,125,0.396,1,8.837
107,1,8,0.397,1,10.025
108,1,3,0.538,0,-5.016
109,1,2,0.396,1,10.002
110,1,1,0.147,1,9.990
111,1,1,0.273,1,9.987
112,1,1,0.365,1,9.977
113,1,11,0.386,1,9.988
114,1,300,0.901,0,-3.413
115,1,1,0.395,1,9.986
116,1,14,0.397,1,9.926
117,1,119,0.400,1,8.924
118,1,84,0.397,1,9.158
119,1,119,0.392,1,8.814
120,1,1,0.256,1,10.126
121,1,68,0.399,1,9.177
122,1,65,0.394,1,9.492
123,1,131,0.400,1,8.843
124,1,1,0.232,1,9.989
125,1,300,1.044,0,-3.349
126,1,300,0.572,0,-2.528
127,1,9,0.399,1,10.083
128,1,53,0.387,1,9.484
129,1,1,0.074,1,10.304
130,1,300,1.129,0,-4.056
131,1,4,0.494,0,-4.991
132,1,19,0.395,1,9.909
133,1,1,0.330,1,9.989
134,1,1,0.364,1,9.990
135,1,15,0.390,1,9.824
136,1,78,0.390,1,9.220
137,1,1,0.200,1,10.179
138,1,1,0.196,1,9.990
139,1,1,0.045,1,9.994
140,1,1,0.322,1,9.990
141,1,1,0.386,1,9.997
142,1,1,0.368,1,9.990
143,1,1,0.241,1,9.982
144,1,1,0.290,1,9.995
145,1,96,0.390,1,9.226
146,1,1,0.391,1,9.989
147,1,73,0.392,1,9.269
148,1,1,0.207,1,10.175
149,1,1,0.247,1,9.988
150,1,88,0.396,1,9.173
151,1,1,0.317,1,10.069
152,1,1,0.167,1,9.997
153,1,26,0.384,1,9.937
154,1,5,0.510,0,-5.176
155,1,76,0.381,1,9.355
156,1,1,0.122,1,9.989
157,1,1,0.205,1,9.979
158,1,300,0.791,0,-3.267
159,1,59,0.394,1,9.429
160,1,1,0.256,1,9.984
161,1,300,0.943,0,-3.368
162,1,1,0.136,1,10.797
163,1,1,0.288,1,9.990
164,1,1,0.320,1,9.985
165,1,1,0.180,1,10.008
166,1,1,0.380,1,9.982
167,1,1,0.327,1,9.992
168,1,1,0.196,1,9.995
169,1,37,0.400,1,9.628
170,1,1,0.373,1,9.995
171,1,1,0.243,1,10.118
172,1,1,0.243,1,9.988
173,1,55,0.387,1,9.647
174,1,1,0.268,1,9.994
175,1,22,0.383,1,9.664
176,1,118,0.392,1,8.811
177,1,1,0.352,1,10.027
178,1,3,0.474,0,-5.043
179,1,1,0.341,1,9.995
180,1,68,0.397,1,9.502
181,1,1,0.273,1,10.111
182,1,61,0.391,1,9.272
183,1,1,0.256,1,9.983
184,1,1,0.279,1,9.986
185,1,1,0.085,1,9.993
186,1,1,0.332,1,9.743
187,1,1,0.207,1,9.988
188,1,1,0.090,1,9.979
189,1,9,0.398,1,9.990
190,1,1,0.324,1,9.987
191,1,300,0.909,0,-3.583
192,1,1,0.379,1,10.519
193,1,300,0.602,0,-3.017
194,1,1,0.373,1,9.989
195,1,1,0.271,1,10.092
196,1,144,0.397,1,8.672
197,1,11,0.387,1,9.899
198,1,5,0.396,1,10.037
199,1,300,1.107,0,-3.561
200,1,1,0.216,1,9.993
201,1,24,0.395,1,9.979
202,1,1,0.366,1,9.997
203,1,16,0.398,1,10.020
204,1,55,0.395,1,9.451
205,1,1,0.384,1,10.001
206,1,1,0.337,1,9.994
207,1,300,1.221,0,-3.759
208,1,7,0.395,1,10.756
209,1,1,0.178,1,9.999
210,1,1,0.298,1,9.985
211,1,20,0.395,1,9.908
212,1,3,0.385,1,9.980
213,1,5,0.394,1,9.941
214,1,1,0.081,1,9.998
215,1,1,0.309,1,9.985
216,1,1,0.124,1,10.006
217,1,1,0.162,1,9.978
218,1,1,0.352,1,10.004
219,1,1,0.305,1,10.017
220,1,1,0.279,1,10.003
221,1,300,0.854,0,-3.254
222,1,178,0.398,1,8.464
223,1,2,0.397,1,10.007
224,1,1,0.022,1,10.365
225,1,1,0.324,1,10.000
226,1,1,0.286,1,9.999
227,1,23,0.388,1,9.988
228,1,1,0.382,1,9.991
229,1,1,0.240,1,9.992
230,1,63,0.395,1,9.396
231,1,1,0.181,1,10.000
232,1,1,0.131,1,10.001
233,1,1,0.298,1,9.998
234,1,11,0.396,1,9.950
235,1,1,0.157,1,9.997
236,1,87,0.396,1,9.304
237,1,1,0.307,1,10.002
238,1,1,0.269,1,9.998
239,1,1,0.254,1,9.996
240,1,1,0.214,1,10.001
241,1,1,0.391,1,9.993
242,1,1,0.292,1,9.997
243,1,4,0.396,1,10.008
244,1,47,0.392,1,9.745
245,1,1,0.396,1,9.985
246,1,3,0.542,0,-5.018
247,1,1,0.152,1,10.380
248,1,7,0.398,1,9.994
249,1,1,0.351,1,9.996
250,1,1,0.182,1,9.980
251,1,1,0.222,1,10.002
252,1,73,0.386,1,9.300
253,1,51,0.390,1,9.536
254,1,1,0.189,1,10.187
255,1,1,0.137,1,9.995
256,1,1,0.238,1,9.985
257,1,194,0.399,1,8.151
258,1,3,0.398,1,10.001
259,1,7,0.385,1,9.942
260,1,1,0.344,1,10.032
261,1,1,0.243,1,9.992
262,1,300,1.042,0,-3.443
263,1,1,0.320,1,10.711
264,1,7,0.391,1,10.012
265,1,43,0.382,1,9.579
266,1,1,0.297,1,10.075
267,1,1,0.256,1,9.999
268,1,1,0.315,1,9.985
269,1,61,0.390,1,9.409
270,1,300,0.794,0,-3.404
271,1,1,0.284,1,9.992
272,1,1,0.344,1,9.980
273,1,49,0.392,1,9.506
274,1,1,0.393,1,9.988
275,1,51,0.387,1,9.528
276,1,1,0.036,1,9.996
277,1,1,0.267,1,9.985
278,1,1,0.379,1,9.991
279,1,64,0.381,1,9.390
280,1,76,0.399,1,9.249
281,1,1,0.334,1,9.982
282,1,1,0.147,1,10.000
283,1,6,0.392,1,10.009
284,1,1,0.252,1,10.130
285,1,179,0.389,1,8.360
286,1,1,0.362,1,9.983
287,1,27,0.397,1,9.837
288,1,1,0.346,1,10.041
289,1,14,0.395,1,9.895
290,1,1,0.187,1,10.197
291,1,146,0.398,1,8.577
292,1,44,0.390,1,9.741
293,1,300,1.058,0,-3.557
294,1,1,0.058,1,9.987
295,1,299,0.396,1,7.136
296,1,30,0.394,1,9.703
297,1,300,0.807,0,-3.417
298,1,1,0.145,1,9.978
299,1,1,0.326,1,9.986
300,1,8,0.386,1,10.055
301,1,53,0.379,1,9.527
302,1,70,0.398,1,9.281
303,1,177,0.396,1,8.453
304,1,300,0.901,0,-3.505
305,1,5,0.388,1,10.027
306,1,26,0.395,1,9.733
307,1,1,0.377,1,10.004
308,1,300,0.992,0,-3.560
309,1,1,0.165,1,10.817
310,1,54,0.384,1,9.492
311,1,1,0.065,1,9.990
312,1,1,0.399,1,9.656
313,1,27,0.390,1,9.779
314,1,300,0.839,0,-3.253
315,1,1,0.302,1,9.983
316,1,5,0.396,1,10.033
317,1,4,0.395,1,9.976
318,1,1,0.138,1,10.001
319,1,300,0.804,0,-3.252
320,1,6,0.386,1,10.358
321,1,23,0.386,1,9.905
322,1,300,0.456,0,-2.939
323,1,300,0.659,0,-3.203
324,1,300,0.858,0,-3.250
325,1,1,0.286,1,10.558
326,1,1,0.335,1,9.978
327,1,27,0.392,1,9.928
328,1,300,0.612,0,-3.040
329,1,2,0.398,1,10.003
330,1,1,0.309,1,10.076
331,1,1,0.379,1,9.995
332,1,300,0.887,0,-3.270
333,1,1,0.316,1,9.999
334,1,53,0.395,1,9.527
335,1,208,0.396,1,7.915
336,1,1,0.367,1,10.001
1,1,5,0.247,1,16.503
2,1,9,0.393,1,9.976
3,1,300,0.533,0,-3.003
4,1,7,0.393,1,10.021
5,1,1,0.344,1,9.986
6,1,1,0.343,1,9.988
7,1,1,0.249,1,9.995
8,1,300,0.452,0,-3.010
9,1,65,0.397,1,9.412
1,2,400,2.963,0,5.675
1,2,400,8.081,0,-4.561
2,2,400,5.091,0,0.812
3,2,1,3.219,0,-4.998
4,2,400,3.390,0,-1.892
5,2,1,0.317,1,9.995
6,2,400,5.890,0,-8.033
7,2,400,3.067,0,1.623
8,2,400,1.827,0,4.406
9,2,80,3.822,0,-4.228
10,2,400,2.013,0,1.617
11,2,400,5.124,0,-8.222
12,2,103,3.895,0,-6.649
13,2,3,6.137,0,-5.008
14,2,400,3.502,0,3.268
15,2,400,0.970,0,5.062
16,2,400,1.639,0,0.582
17,2,71,3.962,0,-10.002
18,2,400,4.851,0,0.175
19,2,400,4.079,0,1.653
20,2,1,4.325,0,-4.175
21,2,400,2.636,0,0.178
22,2,400,4.531,0,0.561
23,2,98,8.073,0,-5.923
24,2,7,4.567,0,-4.911
25,2,400,2.170,0,0.980
26,2,180,4.202,0,-9.965
27,2,400,3.994,0,-1.582
28,2,1,3.692,0,-5.023
29,2,400,3.647,0,4.146
30,2,3,5.410,0,-4.932
31,2,400,3.588,0,6.198
32,2,366,0.598,1,15.150
33,2,78,7.436,0,-19.066
34,2,8,8.370,0,-6.906
35,2,162,3.572,0,-5.504
36,2,1,0.313,1,16.514
37,2,16,6.801,0,-4.488
38,2,400,2.781,0,-0.050
39,2,1,4.032,0,-4.893
40,2,294,3.609,0,1.101
41,2,50,3.668,0,-5.353
42,2,400,2.171,0,1.995
43,2,126,5.591,0,-1.788
44,2,400,1.824,0,2.506
45,2,400,2.246,0,-2.844
46,2,86,8.053,0,-17.044
47,2,400,1.771,0,-2.354
48,2,400,1.021,0,0.500
49,2,400,6.902,0,0.994
50,2,321,0.593,1,22.014
51,2,8,7.103,0,-5.028
52,2,400,1.031,0,7.262
53,2,3,2.407,0,-5.021
54,2,400,1.750,0,0.681
55,2,400,1.628,0,-1.756
56,2,45,0.591,1,11.994
57,2,400,1.283,0,2.078
58,2,3,4.814,0,-12.078
59,2,400,2.769,0,5.257
60,2,400,3.079,0,-2.676
61,2,344,0.600,1,14.239
62,2,400,2.753,0,5.636
63,2,400,0.958,0,12.140
64,2,277,0.586,1,10.358
65,2,400,4.168,0,-2.439
66,2,400,4.021,0,0.041
67,2,33,3.790,0,-5.564
68,2,176,4.586,0,-7.466
69,2,400,1.564,0,0.978
70,2,21,7.544,0,-17.060
71,2,171,3.553,0,-2.293
72,2,400,3.539,0,0.864
73,2,335,0.597,1,13.765
74,2,359,0.594,1,16.398
75,2,1,0.258,1,10.666
76,2,62,4.569,0,-3.685
77,2,400,1.387,0,7.912
78,2,400,4.534,0,0.615
79,2,400,6.887,0,-1.826
80,2,82,7.978,0,-7.505
81,2,400,2.662,0,0.071
82,2,400,2.034,0,0.255
83,2,264,0.600,1,14.051
84,2,32,3.372,0,-10.713
85,2,188,5.601,0,-0.181
86,2,1,4.166,0,-4.998
87,2,319,2.979,0,3.770
88,2,400,2.299,0,-0.639
89,2,94,0.591,1,12.502
90,2,400,1.014,0,10.927
91,2,78,0.597,1,11.858
92,2,116,0.599,1,10.547
93,2,400,2.375,0,0.058
94,2,400,1.335,0,0.000
95,2,374,0.595,1,10.608
96,2,400,1.965,0,-0.135
97,2,124,5.049,0,-1.025
98,2,351,3.639,0,-2.665
99,2,1,3.828,0,-4.989
100,2,203,0.599,1,13.964
101,2,1,5.955,0,-5.008
102,2,1,4.239,0,-5.005
103,2,217,4.484,0,-3.039
104,2,1,0.364,1,9.979
105,2,43,0.586,1,11.707
106,2,400,2.127,0,4.651
107,2,400,1.108,0,6.351
108,2,295,8.143,0,-5.351
109,2,3,6.606,0,-4.969
110,2,1,6.955,0,-5.009
111,2,86,3.472,0,-3.165
112,2,319,4.485,0,1.459
113,2,307,4.689,0,-0.195
114,2,78,4.528,0,-2.194
115,2,3,8.006,0,-4.882
116,2,400,5.067,0,-5.136
117,2,24,4.577,0,-4.375
118,2,201,3.449,0,-1.665
119,2,212,0.599,1,15.641
120,2,17,7.705,0,-19.301
121,2,1,8.013,0,-5.633
122,2,103,5.495,0,-1.694
123,2,400,1.227,0,7.537
124,2,400,3.261,0,-1.410
125,2,400,3.575,0,5.741
126,2,400,2.613,0,0.926
127,2,3,4.548,0,-8.880
128,2,400,3.414,0,0.268
129,2,125,0.599,1,11.335
130,2,383,0.592,1,9.099
131,2,144,0.599,1,10.266
132,2,400,1.105,0,-2.011
133,2,216,5.027,0,0.328
134,2,400,2.335,0,1.330
135,2,400,1.525,0,8.062
136,2,145,4.449,0,-1.191
137,2,170,4.904,0,-1.933
138,2,37,5.048,0,-4.663
139,2,400,3.038,0,-3.123
140,2,400,1.447,0,6.198
141,2,400,4.706,0,-7.537
142,2,400,2.611,0,3.582
143,2,1,7.290,0,-4.991
144,2,231,4.344,0,-3.644
145,2,299,0.596,1,19.910
146,2,161,5.613,0,-0.960
147,2,235,5.040,0,-5.030
148,2,133,2.857,0,-0.644
149,2,147,4.309,0,-8.640
150,2,400,2.649,0,11.582
151,2,400,1.895,0,2.122
152,2,4,3.454,0,-8.147
153,2,400,2.331,0,-3.510
154,2,400,3.187,0,-3.712
155,2,327,5.024,0,-10.309
156,2,400,2.703,0,-0.440
157,2,1,0.419,1,14.563
158,2,400,2.572,0,3.084
159,2,400,5.152,0,4.879
160,2,369,0.597,1,19.238
161,2,223,5.657,0,-1.750
162,2,374,0.600,1,21.955
163,2,225,4.341,0,-0.324
164,2,383,3.589,0,-5.412
165,2,175,4.489,0,-1.837
166,2,159,0.587,1,13.837
167,2,164,7.705,0,-5.765
168,2,400,2.602,0,-4.674
169,2,400,2.205,0,1.772
170,2,2,3.605,0,-4.991
171,2,169,3.447,0,-1.467
172,2,400,3.069,0,-3.966
173,2,400,0.775,0,4.609
174,2,400,3.548,0,-4.339
175,2,207,4.460,0,-0.891
176,2,68,5.038,0,-6.496
177,2,106,4.456,0,-3.119
178,2,1,4.494,0,-5.028
179,2,400,1.252,0,9.482
180,2,400,2.223,0,-1.435
181,2,3,5.670,0,-11.909
182,2,400,1.316,0,7.709
183,2,139,3.651,0,-2.708
184,2,1,8.058,0,-4.983
185,2,400,2.377,0,0.647
186,2,298,0.598,1,13.060
187,2,1,5.698,0,-4.976
188,2,42,5.712,0,-4.389
189,2,1,6.893,0,-5.379
190,2,400,1.106,0,5.573
191,2,400,3.557,0,-5.026
192,2,400,1.590,0,7.877
193,2,7,4.551,0,-4.892
194,2,294,0.599,1,17.430
195,2,127,4.491,0,-0.997
196,2,400,1.772,0,3.487
197,2,400,2.854,0,-3.173
198,2,400,2.484,0,-1.251
199,2,202,0.597,1,12.937
200,2,1,7.611,0,-4.992
201,2,353,0.587,1,14.297
202,2,400,0.824,0,5.759
203,2,2,4.795,0,-5.044
204,2,69,7.635,0,-4.619
205,2,4,5.710,0,-1.170
206,2,74,7.699,0,-9.346
207,2,400,1.730,0,9.936
208,2,187,0.598,1,14.738
209,2,400,1.631,0,-3.067
210,2,174,0.597,1,12.401
211,2,203,0.590,1,9.998
212,2,192,0.582,1,10.057
213,2,147,3.703,0,-0.655
214,2,29,7.083,0,-4.959
215,2,400,1.656,0,0.943
216,2,88,4.567,0,-11.261
217,2,3,8.425,0,-4.924
218,2,211,4.558,0,1.301
219,2,400,3.821,0,-5.624
220,2,400,1.816,0,2.011
221,2,4,2.748,0,-6.882
222,2,243,0.593,1,14.093
223,2,400,0.942,0,6.816
224,2,400,1.278,0,-1.670
225,2,270,0.595,1,16.514
226,2,5,4.297,0,-12.432
227,2,47,4.867,0,-6.376
228,2,400,3.415,0,0.904
229,2,187,0.592,1,15.712
230,2,400,3.481,0,3.715
231,2,2,8.569,0,-5.002
232,2,1,3.152,0,-5.021
233,2,400,3.231,0,0.417
234,2,209,4.490,0,0.245
235,2,1,0.595,1,10.022
236,2,258,0.593,1,17.398
237,2,400,2.154,0,8.987
238,2,400,1.616,0,0.151
239,2,400,2.305,0,-3.998
240,2,362,0.596,1,24.809
241,2,400,1.582,0,11.586
242,2,158,0.581,1,16.313
243,2,1,4.328,0,-5.021
244,2,400,1.946,0,-2.423
245,2,400,1.081,0,1.572
246,2,1,4.620,0,-3.954
247,2,400,3.688,0,2.138
248,2,1,4.949,0,-5.006
249,2,400,2.321,0,-3.425
250,2,149,4.505,0,-2.907
251,2,79,0.587,1,18.441
252,2,400,2.374,0,-5.573
253,2,400,1.120,0,1.508
254,2,400,1.622,0,-3.005
255,2,400,0.627,0,13.070
256,2,83,4.299,0,-4.733
257,2,400,2.440,0,2.552
258,2,139,0.585,1,14.020
259,2,90,4.902,0,-2.687
260,2,3,7.138,0,-5.009
261,2,400,2.298,0,7.680
262,2,30,8.379,0,-5.263
263,2,165,0.599,1,14.382
264,2,170,4.524,0,-13.699
265,2,400,2.045,0,-0.774
266,2,127,5.051,0,-1.390
267,2,356,3.564,0,2.009
268,2,53,4.241,0,-3.337
269,2,400,2.797,0,-0.854
270,2,400,3.392,0,2.156
271,2,400,1.836,0,2.111
272,2,187,0.599,1,16.446
273,2,400,2.385,0,8.425
274,2,27,3.631,0,-3.934
275,2,1,0.529,1,16.199
276,2,88,0.599,1,13.142
277,2,400,6.480,0,1.822
278,2,400,2.238,0,-2.194
279,2,400,1.237,0,3.479
280,2,400,1.241,0,4.532
281,2,295,4.359,0,1.452
282,2,400,1.210,0,5.298
283,2,138,5.621,0,0.030
284,2,1,3.120,0,-5.017
285,2,400,2.281,0,-0.618
286,2,86,0.597,1,11.868
287,2,400,3.101,0,1.672
288,2,137,4.499,0,-1.016
289,2,73,4.421,0,-5.216
290,2,400,2.361,0,1.378
291,2,400,2.696,0,0.140
292,2,278,0.594,1,15.617
293,2,400,1.100,0,-2.011
294,2,309,0.599,1,15.240
295,2,31,0.597,1,11.567
296,2,308,0.594,1,21.015
297,2,62,6.973,0,-18.077
298,2,377,0.593,1,18.691
299,2,251,0.590,1,20.465
300,2,131,5.642,0,-1.442
301,2,39,8.109,0,-10.129
302,2,131,8.096,0,-4.487
303,2,204,0.594,1,24.984
304,2,3,4.906,0,-5.016
305,2,400,3.819,0,1.174
306,2,325,0.587,1,20.673
307,2,400,1.855,0,10.750
308,2,394,0.592,1,18.693
309,2,24,6.970,0,-17.876
310,2,256,5.053,0,-0.605
311,2,146,0.596,1,14.397
312,2,383,7.721,0,-21.165
313,2,189,0.599,1,15.390
314,2,35,0.590,1,11.232
315,2,1,0.221,1,10.732
316,2,263,0.597,1,18.425
317,2,166,0.600,1,12.842
318,2,325,0.598,1,9.378
319,2,400,1.505,0,8.466
320,2,269,0.592,1,11.480
321,2,156,0.580,1,14.388
322,2,220,0.590,1,17.943
323,2,115,0.593,1,10.420
324,2,49,4.533,0,-3.058
325,2,400,1.295,0,10.421
326,2,400,1.290,0,-0.989
327,2,7,6.226,0,-4.757
328,2,289,4.365,0,-2.724
329,2,400,3.416,0,0.898
330,2,1,3.559,0,-5.290
331,2,36,5.076,0,-4.673
332,2,400,3.019,0,11.052
333,2,41,3.646,0,-3.770
334,2,224,3.631,0,2.395
335,2,168,0.598,1,11.849
336,2,3,1.925,0,-7.668
337,2,35,0.595,1,13.484
338,2,194,0.597,1,17.194
339,2,148,4.859,0,-1.917
340,2,400,2.527,0,4.436
341,2,1,7.310,0,-4.984
342,2,342,0.599,1,18.427
343,2,1,4.432,0,-4.450
344,2,278,4.237,0,0.723
345,2,71,5.048,0,-4.490
346,2,400,1.359,0,9.473
347,2,45,6.878,0,-16.257
348,2,293,3.664,0,2.146
349,2,400,1.463,0,3.401
350,2,400,7.975,0,-1.172
351,2,200,2.831,0,4.288
352,2,359,0.597,1,21.533
353,2,400,4.802,0,-7.039
354,2,159,0.580,1,18.649
355,2,1,3.302,0,-10.448
356,2,62,3.595,0,-2.794
357,2,17,5.689,0,-9.273
358,2,1,0.527,1,20.319
359,2,314,0.595,1,18.505
360,2,400,0.626,0,11.199
361,2,240,0.592,1,17.780
362,2,400,2.926,0,0.115
363,2,400,0.708,0,3.437
364,2,67,4.113,0,-3.993
365,2,8,6.435,0,-4.965
366,2,400,2.473,0,6.916
367,2,283,0.594,1,20.103
368,2,400,1.454,0,-2.729
369,2,3,8.715,0,-5.010
370,2,1,0.283,1,9.995
371,2,400,3.954,0,-1.356
372,2,400,1.680,0,10.786
373,2,400,3.153,0,2.193
374,2,1,3.510,0,-4.995
375,2,79,0.585,1,13.252
376,2,88,0.594,1,13.734
377,2,394,0.598,1,17.818
378,2,126,7.635,0,-5.081
379,2,361,0.590,1,15.661
380,2,400,3.226,0,-1.222
381,2,400,2.179,0,8.547
382,2,400,4.931,0,-9.228
383,2,325,0.597,1,19.324
384,2,34,5.553,0,-15.082
385,2,225,0.598,1,16.828
386,2,400,0.971,0,7.561
387,2,65,0.578,1,13.328
388,2,400,1.977,0,4.398
389,2,400,2.387,0,-1.812
390,2,12,4.072,0,-5.296
391,2,136,0.596,1,15.729
392,2,229,0.596,1,17.094
393,2,400,3.037,0,0.354
394,2,79,4.361,0,-8.040
395,2,189,0.581,1,17.616
396,2,196,0.587,1,10.007
397,2,400,1.990,0,10.571
398,2,400,1.930,0,9.755
399,2,400,0.906,0,10.448
400,2,400,1.089,0,-1.366
401,2,1,2.762,0,-5.006
402,2,1,5.809,0,-4.925
403,2,1,8.675,0,-5.039
404,2,186,0.594,1,14.270
405,2,400,1.017,0,13.503
406,2,1,4.211,0,-5.005
407,2,400,2.210,0,4.446
408,2,400,1.688,0,0.983
409,2,273,0.589,1,19.403
410,2,326,0.591,1,21.599
411,2,1,0.517,1,10.143
412,2,268,5.734,0,-1.294
413,2,210,3.196,0,1.465
414,2,240,0.585,1,15.985
415,2,400,2.383,0,-4.596
416,2,179,4.365,0,-9.861
417,2,137,4.303,0,-3.672
418,2,400,1.128,0,3.918
419,2,187,0.593,1,11.135
420,2,173,0.600,1,14.258
421,2,400,1.249,0,7.772
422,2,112,0.591,1,13.139
423,2,1,4.689,0,-4.980
424,2,261,0.599,1,17.192
425,2,89,0.587,1,12.672
426,2,400,1.691,0,-2.207
427,2,400,0.985,0,0.412
428,2,202,5.052,0,-1.738
429,2,400,0.708,0,10.828
430,2,123,0.593,1,10.614
431,2,400,0.631,0,-1.076
432,2,101,3.081,0,-2.110
433,2,355,0.592,1,22.814
434,2,400,1.355,0,-2.526
435,2,1,3.920,0,-10.135
436,2,176,0.586,1,16.787
437,2,1,0.402,1,10.363
438,2,292,0.594,1,12.878
439,2,1,3.542,0,-10.907
440,2,5,3.615,0,-4.892
441,2,3,2.944,0,-5.013
442,2,171,0.591,1,15.047
443,2,400,1.528,0,11.950
444,2,117,3.643,0,-0.565
445,2,400,1.789,0,1.700
446,2,65,7.634,0,-17.015
447,2,106,5.490,0,-2.417
448,2,197,0.597,1,14.415
449,2,400,4.550,0,-9.906
450,2,16,6.853,0,-9.687
451,2,400,0.601,0,8.867
452,2,400,2.065,0,-4.928
453,2,400,0.956,0,1.212
454,2,33,7.194,0,-17.641
455,2,386,0.586,1,22.039
456,2,75,0.584,1,10.629
457,2,146,4.467,0,0.099
458,2,283,4.480,0,2.003
459,2,203,0.599,1,17.747
460,2,52,4.532,0,-5.086
461,2,2,0.578,1,18.897
462,2,1,0.291,1,9.987
463,2,3,8.767,0,-5.020
464,2,129,4.543,0,2.802
465,2,400,0.969,0,7.421
466,2,188,0.598,1,13.892
467,2,400,0.932,0,4.954
468,2,155,0.592,1,15.476
469,2,192,0.599,1,15.197
470,2,400,0.645,0,14.517
471,2,92,5.047,0,-14.265
472,2,43,3.637,0,-4.428
473,2,400,1.744,0,4.109
474,2,400,1.232,0,0.025
475,2,400,1.144,0,6.226
476,2,299,4.354,0,0.179
477,2,400,1.075,0,8.713
478,2,400,3.366,0,8.068
479,2,313,0.598,1,13.034
480,2,400,1.325,0,1.545
481,2,8,3.993,0,-10.377
482,2,1,0.161,1,10.005
483,2,305,0.592,1,15.162
484,2,343,0.583,1,20.161
485,2,400,1.084,0,-1.001
486,2,400,1.046,0,-0.925
487,2,1,0.591,1,9.980
488,2,400,1.104,0,2.699
489,2,35,8.054,0,-3.847
490,2,1,0.416,1,10.017
491,2,87,0.597,1,13.357
492,2,33,5.690,0,-15.349
493,2,66,0.599,1,11.319
494,2,164,0.591,1,15.202
495,2,241,3.790,0,-12.602
496,2,400,1.799,0,11.169
497,2,297,0.595,1,11.924
498,2,222,0.597,1,18.198
499,2,108,5.599,0,-1.472
500,2,1,3.940,0,-5.004
501,2,400,4.419,0,-6.240
502,2,77,3.491,0,-1.899
503,2,400,2.060,0,7.833
504,2,391,0.583,1,24.198
505,2,3,2.232,0,-5.096
506,2,190,0.596,1,17.781
507,2,8,6.942,0,-5.108
508,2,400,1.300,0,9.280
509,2,251,4.379,0,-12.413
510,2,4,0.599,1,11.086
511,2,400,1.415,0,6.437
512,2,278,0.599,1,16.310
513,2,189,2.596,0,-9.938
514,2,221,4.251,0,-9.416
515,2,151,4.525,0,-1.485
516,2,207,3.501,0,-4.483
517,2,32,6.748,0,-5.203
518,2,84,4.346,0,-2.087
519,2,359,0.599,1,23.950
520,2,221,0.599,1,18.177
521,2,37,4.046,0,-3.844
522,2,183,5.046,0,-6.037
523,2,86,4.316,0,-4.068
524,2,113,5.022,0,-2.085
525,2,240,0.598,1,17.747
526,2,265,0.600,1,15.778
527,2,24,3.542,0,-4.753
528,2,320,0.592,1,20.371
529,2,3,4.642,0,-13.116
530,2,3,9.673,0,-15.077
531,2,400,1.638,0,14.070
532,2,400,1.327,0,12.978
533,2,400,1.387,0,-1.983
534,2,337,0.590,1,19.001
535,2,1,0.253,1,10.007
536,2,400,1.225,0,-0.438
537,2,1,3.074,0,-5.006
538,2,286,0.598,1,18.090
539,2,139,0.593,1,12.750
540,2,136,0.597,1,11.899
541,2,221,0.589,1,18.071
542,2,400,1.871,0,10.900
543,2,219,5.594,0,-13.541
544,2,93,5.728,0,-5.733
545,2,1,3.827,0,-5.022
546,2,400,1.048,0,1.435
547,2,217,0.589,1,15.617
548,2,94,0.598,1,12.382
549,2,400,6.326,0,-13.456
550,2,400,1.062,0,5.080
551,2,1,4.102,0,-11.086
552,2,1,7.640,0,-5.002
553,2,400,6.211,0,-0.400
554,2,327,5.689,0,-1.287
555,2,159,0.569,1,20.446
556,2,166,0.600,1,10.108
557,2,23,7.688,0,-19.292
558,2,2,3.113,0,-4.367
559,2,111,0.588,1,14.611
560,2,1,5.328,0,-14.484
561,2,222,0.597,1,19.351
562,2,400,1.720,0,2.334
563,2,125,4.567,0,-0.132
564,2,400,1.396,0,5.342
565,2,387,0.591,1,20.299
566,2,125,4.489,0,-1.179
567,2,4,2.460,0,-0.963
568,2,76,6.750,0,-4.671
569,2,400,1.818,0,10.912
570,2,3,3.302,0,-5.040
571,2,400,4.523,0,0.481
572,2,185,0.586,1,17.950
573,2,392,0.593,1,9.025
574,2,261,0.585,1,18.796
575,2,400,5.368,0,0.209
576,2,4,1.813,0,2.089
577,2,202,0.591,1,12.434
578,2,3,3.933,0,-11.703
579,2,400,1.237,0,4.054
580,2,209,0.592,1,11.246
581,2,249,0.587,1,17.911
582,2,1,3.633,0,-5.007
583,2,1,4.276,0,-5.005
584,2,1,3.198,0,-4.989
585,2,1,0.199,1,9.992
586,2,8,7.652,0,-5.049
587,2,400,1.068,0,10.255
588,2,400,1.688,0,11.284
589,2,384,0.590,1,22.811
590,2,121,0.596,1,10.377
591,2,160,0.595,1,15.383
592,2,400,1.169,0,-2.157
593,2,60,4.931,0,-12.825
594,2,385,0.598,1,24.080
595,2,5,7.015,0,-17.858
596,2,400,1.160,0,10.710
597,2,1,5.537,0,-13.760
598,2,318,0.598,1,20.787
599,2,89,6.018,0,-16.286
600,2,3,2.974,0,-5.040
601,2,400,2.068,0,-0.757
602,2,400,6.947,0,-11.758
603,2,177,5.727,0,0.724
604,2,400,5.276,0,4.342
605,2,78,5.725,0,-3.560
606,2,47,4.447,0,-4.589
607,2,24,5.619,0,-4.136
608,2,400,1.090,0,9.112
609,2,81,0.575,1,14.301
610,2,400,2.993,0,-6.834
611,2,400,1.532,0,1.921
612,2,400,1.992,0,-1.678
613,2,400,1.213,0,9.980
614,2,8,5.324,0,-13.261
615,2,134,4.535,0,-4.093
616,2,400,3.484,0,-4.904
617,2,106,0.598,1,17.243
618,2,108,4.309,0,-3.098
619,2,56,5.052,0,-4.315
620,2,105,5.012,0,-5.446
621,2,283,0.598,1,18.413
622,2,151,5.719,0,-16.005
623,2,88,3.754,0,-3.648
624,2,400,3.014,0,-3.106
625,2,314,0.593,1,21.888
626,2,32,5.441,0,-14.855
627,2,78,5.044,0,-4.204
628,2,400,0.985,0,14.306
629,2,400,1.702,0,-1.035
630,2,187,0.588,1,12.294
631,2,275,0.589,1,20.564
632,2,237,0.596,1,18.249
633,2,3,3.369,0,-10.561
634,2,124,0.596,1,14.127
635,2,114,0.587,1,10.448
636,2,128,0.593,1,10.339
637,2,19,3.515,0,-10.943
638,2,244,0.592,1,17.173
639,2,400,2.395,0,2.893
640,2,4,9.391,0,-5.084
641,2,217,0.589,1,27.521
642,2,331,0.594,1,9.334
643,2,3,5.300,0,-5.078
644,2,225,4.548,0,-4.619
645,2,400,1.518,0,6.060
646,2,400,1.706,0,1.836
647,2,400,1.706,0,-2.000
648,2,26,7.522,0,-4.941
649,2,53,5.532,0,-1.285
650,2,108,0.591,1,20.341
651,2,397,3.266,0,-3.837
652,2,142,0.595,1,11.186
653,2,22,6.748,0,-17.422
654,2,2,5.446,0,-2.415
655,2,400,1.530,0,4.665
656,2,400,1.729,0,7.625
657,2,3,3.514,0,-5.025
658,2,400,1.929,0,1.763
659,2,400,2.480,0,0.391
660,2,400,1.317,0,1.979
661,2,238,0.591,1,17.849
662,2,400,3.650,0,-8.128
663,2,400,2.960,0,1.380
664,2,82,0.599,1,13.530
1,2,400,5.148,0,-9.346
2,2,96,0.591,1,13.410
3,2,187,0.585,1,15.294
4,2,207,4.319,0,-0.725
5,2,29,3.645,0,-4.315
6,2,232,0.589,1,15.953
7,2,400,1.198,0,-2.229
8,2,400,6.069,0,-9.429
9,2,1,4.079,0,-5.030
1,2,400,4.050,0,-0.818
2,2,157,4.919,0,-7.522
3,2,241,0.593,1,17.182
4,2,124,0.598,1,13.044
5,2,400,1.624,0,7.112
6,2,116,4.184,0,-10.700
7,2,229,3.748,0,-5.074
8,2,400,3.082,0,3.337
9,2,400,3.598,0,-1.516
1,2,158,0.578,1,16.620
2,2,101,3.619,0,-11.587
3,2,400,3.681,0,-1.125
4,2,400,4.260,0,-0.226
5,2,293,0.597,1,16.862
6,2,113,0.582,1,15.404
7,2,400,3.843,0,0.708
8,2,166,0.597,1,15.362
9,2,255,0.585,1,18.216
1,3,337,1.372,0,-4.628
2,3,424,0.699,1,45.030
3,3,468,0.686,1,45.721
4,3,289,0.695,1,38.694
5,3,14,5.343,0,-5.732
6,3,255,1.346,0,5.967
7,3,530,0.699,1,30.903
8,3,333,0.686,1,35.066
9,3,57,5.234,0,-11.539
10,3,600,1.542,0,26.546
11,3,384,0.688,1,40.978
12,3,7,2.693,0,-4.146
13,3,511,0.694,1,37.147
14,3,468,0.690,1,44.607
15,3,337,0.683,1,40.644
16,3,1,5.638,0,-4.798
17,3,329,0.698,1,34.494
18,3,326,0.697,1,33.868
19,3,3,0.838,0,-0.250
20,3,312,0.693,1,34.155
21,3,448,0.682,1,37.359
22,3,52,3.371,0,-3.811
23,3,499,0.696,1,42.675
24,3,415,0.693,1,38.923
25,3,4,4.763,0,-4.938
26,3,389,0.693,1,41.299
27,3,1,4.173,0,-4.996
28,3,261,0.690,1,39.520
29,3,214,0.679,1,34.213
30,3,248,0.692,1,31.935
31,3,33,2.295,0,-3.734
32,3,372,0.697,1,34.106
33,3,89,2.365,0,-4.087
34,3,3,2.735,0,-6.182
35,3,23,5.088,0,-5.152
36,3,6,5.947,0,-4.988
37,3,238,2.447,0,0.193
38,3,333,0.687,1,35.756
39,3,324,0.699,1,35.173
40,3,308,0.698,1,36.405
41,3,568,0.687,1,35.799
42,3,314,0.686,1,32.353
43,3,123,3.317,0,-1.572
44,3,258,0.696,1,31.715
45,3,437,0.696,1,36.411
46,3,82,6.297,0,-8.138
47,3,600,0.818,0,1.225
48,3,7,2.657,0,-4.891
49,3,358,0.694,1,33.514
50,3,49,2.600,0,-7.467
51,3,257,0.689,1,35.045
52,3,359,0.700,1,35.536
53,3,233,0.698,1,37.589
54,3,383,0.699,1,39.226
55,3,444,0.699,1,36.379
56,3,4,1.771,0,-5.037
57,3,18,5.776,0,-5.775
58,3,4,4.965,0,-5.043
59,3,600,2.149,0,14.806
60,3,4,3.301,0,-5.108
61,3,1,5.039,0,-4.972
62,3,227,1.909,0,-2.186
63,3,318,2.628,0,3.914
64,3,4,2.188,0,-5.192
65,3,98,3.155,0,-3.592
66,3,381,0.695,1,38.033
67,3,1,5.228,0,-5.005
68,3,110,2.195,0,-1.015
69,3,389,0.700,1,37.349
70,3,33,5.745,0,-15.379
71,3,145,4.543,0,-2.908
72,3,68,3.638,0,-3.570
73,3,1,5.204,0,-5.005
74,3,600,1.588,0,19.078
75,3,438,0.681,1,40.457
76,3,477,0.689,1,33.859
77,3,1,0.633,0,-5.008
78,3,369,1.887,0,1.496
79,3,3,3.744,0,-4.992
80,3,239,0.692,1,34.656
81,3,351,0.691,1,33.350
82,3,399,0.691,1,31.721
83,3,298,0.685,1,32.977
84,3,330,0.688,1,38.466
85,3,336,0.688,1,36.055
86,3,390,0.689,1,39.536
87,3,302,0.693,1,34.899
88,3,338,0.693,1,37.590
89,3,1,2.965,0,-5.006
90,3,492,0.698,1,35.998
91,3,44,0.682,0,-1.671
92,3,6,1.124,0,-4.110
93,3,2,3.535,0,-5.026
94,3,7,2.810,0,-4.939
95,3,9,1.754,0,-1.905
96,3,129,2.459,0,-4.075
97,3,545,0.680,1,44.916
98,3,21,3.127,0,-5.387
99,3,544,0.695,1,37.896
100,3,3,4.787,0,-4.643
101,3,339,0.682,1,36.683
102,3,1,4.192,0,-4.980
103,3,291,0.690,1,38.413
104,3,283,0.693,1,35.887
105,3,290,0.690,1,35.610
106,3,47,1.333,0,-3.378
107,3,67,4.695,0,-4.817
108,3,404,0.695,1,40.334
109,3,36,5.658,0,-5.848
110,3,11,5.023,0,-3.128
111,3,163,3.028,0,0.497
112,3,14,3.274,0,-5.156
113,3,525,0.697,1,40.995
114,3,346,0.691,1,38.635
115,3,463,0.683,1,38.515
116,3,1,5.184,0,-4.995
117,3,289,0.695,1,43.135
118,3,253,0.692,1,32.543
119,3,273,1.229,0,1.947
120,3,210,0.686,1,29.950
121,3,480,0.695,1,40.773
122,3,26,2.477,0,-5.012
123,3,4,4.052,0,-9.728
124,3,191,3.357,0,-3.350
125,3,600,1.728,0,25.969
126,3,3,2.353,0,-5.010
127,3,382,0.688,1,34.060
128,3,316,0.686,1,37.539
129,3,4,2.911,0,-8.191
130,3,312,0.684,1,38.741
131,3,4,4.211,0,-7.745
132,3,165,5.604,0,-9.674
133,3,564,0.687,1,46.524
134,3,1,2.159,0,-3.497
135,3,264,0.687,1,32.494
136,3,185,2.251,0,-6.791
137,3,349,0.696,1,39.363
138,3,181,3.414,0,-0.565
139,3,195,3.646,0,9.238
140,3,4,3.934,0,-5.015
141,3,214,0.686,1,33.786
142,3,484,0.689,1,34.912
143,3,1,0.315,0,-5.028
144,3,5,3.289,0,-13.783
145,3,261,0.698,1,34.762
146,3,4,5.808,0,-13.720
147,3,600,1.186,0,28.997
148,3,420,0.686,1,37.865
149,3,100,3.362,0,-6.593
150,3,181,3.352,0,-5.564
151,3,83,0.767,0,3.506
152,3,600,6.132,0,-1.763
153,3,401,2.529,0,18.593
154,3,146,0.690,1,28.600
155,3,600,1.043,0,11.617
156,3,41,1.023,0,-3.643
157,3,600,1.314,0,20.076
158,3,175,0.682,1,30.952
159,3,302,0.693,1,39.986
160,3,272,1.061,0,-2.186
161,3,152,0.695,1,29.992
162,3,565,0.699,1,35.173
163,3,177,0.712,0,5.560
164,3,304,0.689,1,27.079
165,3,85,1.347,0,-2.780
166,3,319,0.696,1,41.833
167,3,4,5.189,0,-4.949
168,3,543,0.686,1,32.737
169,3,214,1.183,0,7.565
170,3,125,0.774,0,-3.117
171,3,99,1.248,0,-2.457
172,3,209,1.217,0,4.924
173,3,15,0.647,0,-2.578
174,3,265,0.699,1,29.821
175,3,334,0.696,1,37.305
176,3,122,0.695,1,28.897
177,3,124,2.562,0,-1.349
178,3,600,1.204,0,17.494
179,3,600,1.876,0,15.772
180,3,284,1.377,0,8.763
181,3,584,0.700,1,33.627
182,3,2,3.962,0,-5.009
183,3,196,2.933,0,8.021
184,3,380,0.681,1,33.008
185,3,204,0.711,0,0.089
186,3,23,0.999,0,-4.154
187,3,316,0.700,1,30.648
188,3,203,0.760,0,5.585
189,3,259,0.589,0,5.409
190,3,103,2.553,0,-11.336
191,3,585,0.698,1,37.915
192,3,60,3.166,0,-4.564
193,3,3,3.148,0,-5.048
194,3,18,2.501,0,-4.259
195,3,43,5.807,0,-3.848
196,3,3,2.237,0,5.643
197,3,296,0.686,1,34.262
198,3,518,0.680,1,34.213
199,3,13,4.225,0,-5.078
200,3,278,0.697,1,31.016
201,3,318,0.686,1,40.956
202,3,249,0.688,1,28.893
203,3,291,3.476,0,3.795
204,3,486,0.696,1,27.792
205,3,600,0.814,0,29.046
206,3,269,0.682,1,31.758
207,3,286,0.687,1,31.583
208,3,349,0.832,0,-2.070
209,3,472,0.685,1,34.843
210,3,523,0.687,1,34.641
211,3,306,0.696,1,33.124
212,3,419,0.682,1,41.590
213,3,418,0.695,1,39.043
214,3,248,2.591,0,12.025
215,3,252,0.684,1,34.627
216,3,26,2.398,0,-3.767
217,3,371,0.693,1,36.589
218,3,600,0.625,1,6.175
219,3,5,2.116,0,-5.081
220,3,415,0.698,1,38.119
221,3,332,0.689,1,39.300
222,3,600,0.901,0,18.982
223,3,288,0.678,1,37.899
224,3,370,0.695,1,36.447
225,3,341,3.508,0,14.435
226,3,3,2.962,0,-4.895
227,3,346,0.691,1,39.163
228,3,583,0.694,1,37.881
229,3,1,2.408,0,-4.843
230,3,95,3.270,0,-3.648
231,3,80,2.279,0,-2.697
232,3,412,0.698,1,34.694
233,3,230,0.692,1,33.468
234,3,485,0.694,1,33.486
235,3,482,0.692,1,41.180
236,3,192,0.692,1,31.582
237,3,423,0.686,1,37.364
238,3,436,0.688,1,35.886
239,3,499,0.697,1,36.123
240,3,40,3.246,0,-7.292
241,3,546,0.692,1,37.146
242,3,505,0.700,1,46.149
243,3,4,3.745,0,-8.278
244,3,196,2.617,0,16.413
245,3,446,0.684,1,38.825
246,3,237,2.603,0,4.343
247,3,535,0.699,1,45.272
248,3,48,1.366,0,-3.224
249,3,81,3.397,0,-11.375
250,3,217,1.867,0,-2.337
251,3,444,0.690,1,40.073
252,3,337,0.687,1,34.804
253,3,452,0.694,1,38.115
254,3,355,0.695,1,35.779
255,3,296,0.693,1,37.292
256,3,600,2.921,0,-4.010
257,3,195,0.691,1,31.637
258,3,432,3.363,0,2.283
259,3,63,3.002,0,-4.208
260,3,339,0.684,1,34.522
261,3,398,0.684,1,40.279
262,3,264,0.694,1,35.987
263,3,600,2.146,0,0.325
264,3,600,2.898,0,17.361
265,3,125,5.804,0,-3.417
266,3,5,6.072,0,-4.886
267,3,400,0.691,1,34.240
268,3,600,1.100,0,21.484
269,3,1,4.405,0,-5.001
270,3,600,0.736,0,13.885
271,3,4,1.607,0,-5.140
272,3,592,0.700,1,37.069
273,3,49,2.208,0,-4.162
274,3,278,3.582,0,14.680
275,3,350,0.679,1,39.822
276,3,420,0.693,1,39.533
277,3,299,0.697,1,33.978
278,3,242,0.697,1,30.021
279,3,1,3.068,0,-5.037
280,3,55,1.087,0,-1.821
281,3,390,0.695,1,32.002
282,3,7,4.284,0,-5.024
283,3,162,0.691,1,29.299
284,3,434,0.698,1,35.364
285,3,2,2.890,0,-5.958
286,3,143,1.317,0,-0.019
287,3,179,2.553,0,-9.267
288,3,600,0.821,0,14.940
289,3,7,1.589,0,-5.122
290,3,459,0.700,1,31.208
291,3,28,5.140,0,-4.268
292,3,317,0.699,1,31.417
293,3,600,3.262,0,-5.621
294,3,303,0.668,1,32.509
295,3,376,0.697,1,36.936
296,3,479,0.695,1,38.636
297,3,600,1.704,0,15.848
298,3,73,5.584,0,-4.807
299,3,24,2.148,0,-3.730
300,3,98,2.454,0,-2.713
301,3,374,1.361,0,13.097
302,3,264,0.682,1,28.171
303,3,83,4.309,0,-12.621
304,3,600,0.696,1,13.132
305,3,79,3.061,0,-4.729
306,3,7,3.455,0,-5.092
307,3,203,0.692,1,29.262
308,3,242,0.691,1,30.775
309,3,511,0.698,1,34.953
310,3,326,6.417,0,-6.228
311,3,600,2.419,0,-3.631
312,3,600,1.321,0,17.259
313,3,316,0.688,1,39.232
314,3,600,3.455,0,-4.828
315,3,61,1.389,0,-3.353
316,3,294,0.699,1,30.669
317,3,1,2.708,0,-7.669
318,3,58,3.087,0,-5.908
319,3,8,3.072,0,-5.019
320,3,309,0.695,1,34.006
321,3,600,1.489,0,19.570
322,3,4,2.945,0,-4.907
323,3,45,3.722,0,9.829
324,3,186,2.624,0,-1.584
325,3,50,2.119,0,-3.656
326,3,600,5.324,0,0.616
327,3,23,1.826,0,5.463
328,3,600,2.801,0,22.534
329,3,425,0.696,1,32.650
330,3,216,0.694,1,35.772
331,3,354,0.676,1,35.515
332,3,600,1.062,0,20.548
333,3,4,1.624,0,-5.041
334,3,372,0.686,1,37.853
335,3,376,0.689,1,36.681
336,3,53,3.568,0,-3.572
337,3,8,5.442,0,-4.820
338,3,1,1.738,0,6.111
339,3,435,0.696,1,35.301
340,3,293,0.698,1,34.514
341,3,206,3.441,0,-2.654
342,3,356,0.699,1,38.787
343,3,430,0.694,1,37.315
344,3,188,3.438,0,-6.440
345,3,356,0.695,1,36.771
346,3,435,0.678,1,35.928
347,3,33,1.780,0,-5.265
348,3,600,1.736,0,11.976
349,3,588,0.699,1,40.657
350,3,289,0.686,1,34.705
351,3,5,5.407,0,-4.982
352,3,71,1.333,0,-2.265
353,3,445,0.693,1,30.861
354,3,105,5.615,0,-15.574
355,3,257,1.253,0,11.842
356,3,4,4.805,0,-4.815
357,3,181,0.691,1,31.752
358,3,15,0.723,0,-0.074
359,3,283,3.363,0,-2.421
360,3,394,0.694,1,37.596
361,3,492,0.697,1,35.846
362,3,298,0.699,1,29.306
363,3,21,1.250,0,-3.603
364,3,368,0.947,0,-0.541
365,3,499,0.699,1,34.566
366,3,131,0.848,0,2.189
367,3,259,0.680,1,32.107
368,3,11,3.344,0,-7.202
369,3,317,0.692,1,37.521
370,3,414,0.699,1,33.816
371,3,540,0.699,1,42.299
372,3,215,0.688,1,35.761
373,3,549,0.690,1,43.095
374,3,436,0.691,1,31.004
375,3,600,2.713,0,25.066
376,3,12,1.678,0,-8.517
377,3,600,0.885,0,18.845
378,3,200,3.122,0,12.584
379,3,144,3.189,0,-2.695
380,3,551,0.695,1,34.809
381,3,284,0.695,1,30.223
382,3,523,0.699,1,31.110
383,3,349,0.687,1,36.400
384,3,39,5.581,0,-4.908
385,3,17,4.941,0,-5.147
386,3,16,1.258,0,-3.469
387,3,374,0.684,1,33.551
388,3,8,2.625,0,-5.020
389,3,375,0.700,1,35.792
390,3,415,0.693,1,35.615
391,3,318,0.695,1,39.407
392,3,325,1.146,0,-3.699
393,3,1,4.960,0,-4.987
394,3,123,0.765,0,-2.579
395,3,9,1.751,0,-5.079
396,3,106,2.120,0,-4.338
397,3,11,4.916,0,-13.500
398,3,462,0.694,1,36.081
399,3,253,0.698,1,33.360
400,3,233,0.688,1,32.791
401,3,295,0.691,1,33.221
402,3,6,3.036,0,-5.147
403,3,5,5.872,0,-5.010
404,3,6,1.240,0,-3.990
405,3,366,0.694,1,34.501
406,3,433,0.696,1,40.269
407,3,249,0.680,1,34.799
408,3,1,5.092,0,-12.655
409,3,533,0.690,1,43.049
410,3,5,4.109,0,-5.007
411,3,251,0.688,1,33.947
412,3,600,1.807,0,12.272
413,3,99,2.543,0,-10.816
414,3,422,0.700,1,37.753
415,3,1,4.759,0,-5.013
416,3,7,1.763,0,-4.991
417,3,8,1.328,0,-3.814
418,3,9,5.827,0,-4.883
419,3,480,0.687,1,32.564
420,3,600,1.943,0,18.740
421,3,600,1.475,0,18.496
422,3,527,0.699,1,36.695
423,3,434,1.790,0,-1.982
424,3,399,0.699,1,30.553
425,3,550,0.700,1,31.331
426,3,600,2.787,0,9.052
427,3,261,0.700,0,0.787
428,3,1,2.502,0,-10.426
429,3,600,0.715,0,14.023
430,3,17,2.368,0,-5.034
431,3,134,1.267,0,-1.121
432,3,219,2.901,0,5.033
433,3,578,0.695,1,35.022
434,3,114,2.561,0,-4.180
435,3,600,1.352,0,19.136
436,3,274,0.698,1,36.091
437,3,18,3.188,0,-9.164
438,3,387,1.237,0,8.721
439,3,221,0.697,1,27.832
440,3,441,0.697,1,36.353
441,3,161,5.095,0,-3.604
442,3,11,5.424,0,-4.950
443,3,600,0.706,0,27.263
444,3,148,2.297,0,-0.647
445,3,48,2.352,0,-4.781
446,3,534,0.778,0,-0.885
447,3,1,0.127,0,-3.048
448,3,1,3.049,0,-5.003
449,3,1,5.197,0,-5.003
450,3,367,0.695,1,32.624
451,3,12,2.670,0,-6.790
452,3,301,0.669,0,1.072
453,3,490,0.813,0,3.598
454,3,63,5.189,0,-4.609
455,3,63,3.117,0,3.877
456,3,315,1.350,0,5.320
457,3,600,2.281,0,17.973
458,3,396,1.359,0,2.968
459,3,600,0.819,0,0.811
460,3,595,0.694,1,29.591
461,3,600,3.036,0,11.247
462,3,55,4.183,0,-17.124
463,3,600,1.101,0,25.880
464,3,516,0.699,1,34.531
465,3,361,0.610,1,36.237
466,3,600,1.791,0,21.716
467,3,1,3.520,0,-4.996
468,3,304,0.692,1,30.931
469,3,435,0.698,1,33.838
470,3,598,0.697,1,40.491
471,3,236,0.700,1,35.492
472,3,220,1.049,0,-2.698
473,3,469,0.692,1,32.792
474,3,540,0.696,1,38.457
475,3,317,0.699,1,33.596
476,3,292,0.697,1,35.477
477,3,91,2.527,0,-1.719
478,3,132,2.442,0,-5.128
479,3,435,0.691,1,36.833
480,3,155,1.225,0,-0.064
481,3,600,1.299,0,3.761
482,3,598,0.697,1,30.248
483,3,2,0.364,0,2.198
484,3,415,1.133,0,18.701
485,3,321,1.406,0,18.248
486,3,571,0.696,1,46.199
487,3,224,0.690,1,31.962
488,3,336,0.698,1,35.693
489,3,309,0.687,1,41.285
490,3,341,0.699,1,35.469
491,3,309,0.687,1,35.261
492,3,2,0.353,0,-5.076
493,3,173,3.368,0,-0.556
494,3,600,6.206,0,-1.571
495,3,314,0.680,1,38.880
496,3,305,1.531,0,14.884
497,3,316,0.690,1,33.231
498,3,503,0.697,1,34.345
499,3,197,0.700,1,32.186
500,3,5,0.870,0,-0.743
501,3,9,5.119,0,-4.788
502,3,243,0.685,1,33.717
503,3,150,0.809,0,3.188
504,3,203,0.691,1,28.700
505,3,371,0.697,1,36.792
506,3,213,0.696,1,37.156
507,3,363,1.584,0,12.150
508,3,1,4.957,0,-4.990
509,3,579,1.073,0,11.078
510,3,600,6.366,0,-11.619
511,3,262,0.696,1,37.418
512,3,372,4.052,0,-4.998
513,3,412,0.799,0,11.578
514,3,359,3.614,0,14.500
515,3,449,0.687,1,41.525
516,3,417,0.982,0,12.989
517,3,6,1.752,0,-1.231
518,3,5,2.992,0,-5.011
519,3,114,5.993,0,-14.359
520,3,31,3.929,0,-4.212
521,3,4,1.483,0,-4.049
522,3,351,0.685,1,34.273
523,3,64,3.622,0,-6.900
524,3,37,4.577,0,-6.406
525,3,105,0.828,0,1.128
526,3,125,0.695,1,29.741
527,3,218,0.699,1,33.282
528,3,133,3.651,0,-1.357
529,3,175,0.692,1,38.891
530,3,9,5.151,0,-14.678
531,3,239,1.554,0,19.220
532,3,4,2.406,0,-3.062
533,3,1,4.932,0,-12.700
534,3,5,2.550,0,-4.791
535,3,326,0.687,1,35.703
536,3,55,5.577,0,-5.545
537,3,276,0.699,1,42.873
538,3,6,2.860,0,-6.254
539,3,600,0.917,0,29.783
540,3,170,6.501,0,-7.692
541,3,210,1.510,0,24.723
542,3,10,2.994,0,-5.240
543,3,66,5.126,0,-2.942
544,3,341,0.695,1,42.429
545,3,352,1.031,0,17.431
546,3,600,1.740,0,1.576
547,3,600,2.145,0,-3.206
548,3,600,1.201,0,5.780
549,3,600,1.315,0,14.619
550,3,5,1.032,0,-3.992
551,3,4,5.400,0,-18.118
552,3,371,0.692,1,43.542
553,3,156,0.841,0,3.695
554,3,224,0.622,0,4.644
555,3,177,0.693,1,32.789
556,3,12,5.102,0,-12.648
557,3,350,0.683,1,43.732
558,3,431,0.699,1,41.191
559,3,1,3.270,0,-7.243
560,3,194,0.697,1,30.317
561,3,3,1.832,0,-5.025
562,3,420,0.698,1,33.185
563,3,40,3.412,0,-5.427
564,3,295,0.693,1,40.141
565,3,176,0.696,1,31.913
566,3,80,2.566,0,-7.182
567,3,350,0.696,1,34.857
568,3,258,4.829,0,-6.466
569,3,9,2.415,0,-4.943
570,3,79,3.354,0,-5.637
571,3,600,1.502,0,20.232
572,3,583,0.691,1,45.461
573,3,600,1.326,0,20.023
574,3,9,4.753,0,-5.002
575,3,107,2.534,0,1.330
576,3,600,1.196,0,3.186
577,3,450,0.697,1,33.617
578,3,390,4.594,0,-6.435
579,3,1,0.091,0,8.474
580,3,309,0.685,1,35.100
581,3,235,0.690,1,33.774
582,3,231,0.689,1,31.385
583,3,4,3.129,0,-5.179
584,3,37,3.317,0,-5.547
585,3,120,3.526,0,8.155
586,3,3,1.408,0,-6.996
587,3,539,0.692,1,45.177
588,3,307,0.691,1,34.145
589,3,321,2.563,0,1.600
590,3,470,0.691,1,35.538
591,3,368,0.697,1,37.320
592,3,130,2.756,0,8.890
593,3,9,2.062,0,-9.722
594,3,1,3.115,0,-5.000
595,3,147,0.621,0,3.019
596,3,460,0.693,1,31.908
597,3,230,1.088,0,3.728
598,3,600,0.715,0,18.373
599,3,2,4.504,0,-5.011
600,3,170,0.686,1,39.018
601,3,4,3.089,0,-8.601
602,3,3,1.800,0,-5.014
603,3,3,2.976,0,-4.984
604,3,600,1.757,0,19.262
605,3,226,0.698,1,32.567
606,3,93,1.334,0,-2.382
607,3,536,0.662,1,33.165
608,3,4,2.453,0,-4.715
609,3,337,0.687,1,34.440
610,3,303,1.453,0,13.934
611,3,436,0.692,1,36.984
612,3,451,0.683,1,35.511
613,3,425,0.694,1,39.890
614,3,435,0.697,1,41.155
615,3,1,5.291,0,-4.971
616,3,4,3.976,0,-1.217
617,3,237,0.690,1,34.250
618,3,297,0.697,1,32.421
619,3,430,1.424,0,13.745
620,3,196,3.458,0,10.774
621,3,522,0.699,1,29.160
622,3,432,0.683,1,35.525
623,3,521,0.677,1,42.029
624,3,3,6.067,0,-5.091
625,3,373,0.698,1,34.514
626,3,330,0.691,1,33.813
627,3,265,0.685,1,33.341
628,3,275,1.361,0,6.624
629,3,247,0.684,1,31.746
630,3,14,2.357,0,-4.318
631,3,303,0.681,1,34.351
632,3,519,0.699,1,44.859
633,3,341,1.344,0,7.174
634,3,552,0.691,1,33.418
635,3,49,2.968,0,-4.743
636,3,504,0.690,1,36.775
637,3,302,0.698,1,38.252
638,3,325,0.686,1,33.164
639,3,542,0.696,1,33.687
640,3,504,0.695,1,35.945
641,3,371,0.697,1,41.353
642,3,338,0.698,1,35.032
643,3,103,3.261,0,-7.254
644,3,541,0.697,1,43.598
645,3,411,0.698,1,40.726
646,3,67,2.625,0,-5.479
647,3,43,2.668,0,-5.477
648,3,357,0.700,1,36.091
649,3,342,0.693,1,36.816
650,3,3,4.021,0,-5.006
651,3,336,0.689,1,37.760
652,3,354,0.698,1,36.181
653,3,38,5.554,0,-4.261
654,3,356,0.686,1,46.940
655,3,214,0.691,1,29.206
656,3,22,2.620,0,-4.442
657,3,444,1.356,0,8.823
658,3,541,0.699,1,43.960
659,3,162,3.358,0,-0.797
660,3,121,1.126,0,2.296
661,3,441,0.697,1,41.114
662,3,435,0.681,1,44.425
663,3,298,0.696,1,36.062
664,3,305,0.700,1,32.956
665,3,122,0.697,1,28.805
666,3,410,0.683,1,41.782
667,3,315,0.685,1,40.523
668,3,269,1.069,0,1.283
669,3,275,0.681,1,39.054
670,3,376,0.683,1,34.741
671,3,368,0.683,1,42.708
672,3,407,0.685,1,43.672
673,3,192,5.718,0,-15.137
674,3,1,2.064,0,-5.002
675,3,292,0.688,1,36.018
676,3,451,0.698,1,37.080
677,3,301,0.693,1,38.030
678,3,4,3.933,0,-5.059
679,3,200,0.691,1,39.217
680,3,343,2.637,0,3.398
681,3,16,2.623,0,-4.069
682,3,387,0.700,1,34.315
683,3,600,2.188,0,16.132
684,3,231,1.018,0,3.241
685,3,3,2.642,0,-4.993
686,3,428,2.627,0,4.001
687,3,297,0.698,1,33.960
688,3,7,6.020,0,-5.093
689,3,388,0.697,1,42.310
690,3,187,0.689,1,35.117
691,3,4,0.743,0,-0.580
692,3,5,0.425,0,-5.039
693,3,507,0.698,1,46.282
694,3,183,0.698,1,31.670
695,3,304,0.694,1,37.933
696,3,5,1.262,0,-2.794
697,3,295,0.692,1,38.237
698,3,301,0.689,1,40.279
699,3,212,0.699,1,32.871
700,3,481,0.695,1,45.332
701,3,289,0.684,1,38.966
702,3,379,0.697,1,32.900
703,3,156,1.165,0,0.868
704,3,502,0.691,1,32.719
705,3,4,6.132,0,-15.004
706,3,377,0.698,1,43.596
707,3,237,0.691,1,31.121
708,3,600,1.542,0,19.704
709,3,76,3.252,0,-9.284
710,3,70,3.066,0,-4.530
711,3,600,1.279,0,16.159
712,3,23,2.984,0,1.857
713,3,437,0.700,1,34.410
714,3,4,3.778,0,-9.838
715,3,1,4.837,0,-4.968
716,3,424,0.691,1,43.448
717,3,98,2.050,0,-6.183
718,3,4,4.613,0,-12.689
719,3,377,0.692,1,35.296
720,3,309,0.698,1,37.271
721,3,547,0.686,1,45.501
722,3,353,0.700,1,36.032
723,3,169,0.694,1,29.560
724,3,364,0.692,1,41.790
725,3,119,2.391,0,-5.969
726,3,1,3.607,0,-5.007
727,3,79,0.934,0,-3.668
728,3,3,1.894,0,-4.991
729,3,171,0.695,1,32.455
730,3,320,0.697,1,35.744
731,3,266,0.687,1,31.441
732,3,113,2.622,0,-1.075
733,3,500,0.691,1,36.084
734,3,374,0.682,1,34.142
735,3,3,1.869,0,-5.086
736,3,572,0.688,1,35.466
737,3,52,2.624,0,-3.836
738,3,600,0.845,0,25.050
739,3,496,0.697,1,33.063
740,3,293,4.182,0,-3.435
741,3,1,1.045,0,-4.005
742,3,458,1.175,0,9.238
743,3,269,0.695,1,37.644
744,3,528,1.702,0,22.892
745,3,271,1.166,0,5.579
746,3,600,0.722,0,12.928
747,3,600,0.870,0,7.673
748,3,11,2.625,0,-10.465
749,3,122,0.693,1,28.308
750,3,6,2.923,0,-7.273
751,3,600,1.090,0,4.770
752,3,11,5.136,0,-17.253
753,3,298,1.654,0,19.635
1,3,590,0.688,1,31.948
2,3,401,0.697,1,36.334
3,3,369,3.271,0,-1.143
4,3,344,0.694,1,35.695
5,3,600,1.882,0,3.270
6,3,222,0.696,1,31.979
7,3,564,0.685,1,43.932
8,3,600,0.814,0,6.154
9,3,137,3.315,0,-3.883
10,3,600,3.840,0,3.972
11,3,338,0.698,1,49.364
12,3,600,1.708,0,16.492
13,3,196,0.687,1,36.134
14,3,390,3.354,0,1.364
15,3,468,0.687,1,37.225
16,3,419,0.693,1,35.313
17,3,88,2.510,0,-6.768
18,3,386,0.688,1,43.061
19,3,448,0.696,1,31.166
20,3,567,0.695,1,40.893
21,3,600,1.725,0,15.297
22,3,550,0.695,1,31.420
23,3,125,1.139,0,3.647
24,3,442,0.697,1,41.742
25,3,536,0.693,1,34.132
26,3,345,0.698,1,40.206
27,3,503,0.692,1,45.645
28,3,230,1.300,0,-1.327
29,3,6,4.618,0,-5.115
30,3,117,2.090,0,-0.484
31,3,238,2.127,0,-9.364
32,3,286,2.324,0,-5.450
33,3,252,2.018,0,0.906
34,3,592,0.697,1,34.788
35,3,316,0.693,1,34.183
36,3,333,0.696,1,41.728
37,3,440,1.162,0,-0.824
38,3,346,0.689,1,31.705
39,3,216,3.673,0,-2.500
40,3,75,2.304,0,-5.539
41,3,252,0.683,1,33.453
42,3,204,1.127,0,-4.298
43,3,310,0.699,1,34.081
44,3,344,0.690,1,38.659
45,3,409,0.695,1,29.828
46,3,392,0.695,1,38.338
47,3,380,0.681,1,36.689
48,3,527,0.680,1,45.969
49,3,305,0.686,1,36.891
50,3,99,3.723,0,-7.668
51,3,321,5.486,0,-2.651
52,3,173,0.690,1,32.214
53,3,343,0.694,1,37.822
54,3,523,0.677,1,43.266
55,3,541,0.699,1,33.880
56,3,350,0.690,1,42.284
57,3,276,0.699,1,33.137
58,3,464,0.691,1,36.710
59,3,247,0.696,1,36.744
60,3,227,0.679,1,31.971
61,3,254,0.681,1,34.317
62,3,401,0.693,1,36.377
63,3,233,0.692,1,34.030
64,3,600,0.881,0,17.277
65,3,354,0.690,1,36.163
66,3,170,0.687,1,32.668
67,3,182,0.691,1,29.178
68,3,315,0.693,1,38.902
69,3,524,0.695,1,36.948
70,3,83,3.356,0,-3.025
71,3,240,0.693,1,35.005
72,3,600,0.826,0,28.431
73,3,475,0.688,1,37.376
74,3,449,0.691,1,45.557
75,3,345,0.691,1,32.082
76,3,336,0.691,1,34.070
77,3,32,9.247,0,-16.892
78,3,301,0.695,1,55.194
79,3,166,2.563,0,-7.747
80,3,506,0.698,1,40.469
81,3,272,0.694,1,38.701
82,3,300,2.590,0,-8.201
83,3,564,0.692,1,43.526
84,3,371,0.690,1,38.678
85,3,231,0.686,1,33.663
86,3,348,1.029,0,6.151
87,3,264,0.696,1,33.711
88,3,433,0.689,1,34.974
89,3,5,2.965,0,-6.146
90,3,320,0.695,1,35.221
91,3,365,0.679,1,40.410
92,3,356,0.696,1,35.784
93,3,343,0.694,1,34.268
94,3,346,0.695,1,32.114
95,3,412,0.690,1,38.138
96,3,162,0.686,1,33.443
97,3,225,0.694,1,28.199
98,3,321,1.043,0,-2.654
99,3,66,5.818,0,-4.541
100,3,122,5.064,0,-3.758
101,3,600,1.380,0,17.812
102,3,172,0.685,1,32.530
103,3,600,3.896,0,4.899
104,3,138,0.681,1,37.842
105,3,553,0.694,1,37.069
106,3,600,1.476,0,21.911
107,3,260,0.690,1,32.765
108,3,55,2.890,0,-3.972
109,3,220,0.694,1,31.843
110,3,246,0.698,1,36.013
111,3,328,0.697,1,37.593
112,3,53,2.096,0,-3.871
113,3,600,2.004,0,11.027
114,3,600,5.369,0,-16.250
115,3,449,0.686,1,40.929
116,3,183,0.690,1,31.513
117,3,230,0.672,1,36.577
118,3,444,0.685,1,34.192
119,3,222,0.690,1,32.239
120,3,519,0.699,1,35.165
121,3,197,0.689,1,31.693
122,3,261,0.694,1,33.940
123,3,319,0.687,1,31.936
124,3,26,5.179,0,-14.226
125,3,404,0.693,1,32.072
126,3,321,3.394,0,16.800
127,3,183,0.693,1,33.883
128,3,491,0.690,1,35.869
129,3,238,0.699,1,35.407
130,3,91,3.686,0,-8.732
131,3,600,1.901,0,16.727
132,3,600,2.002,0,17.746
133,3,487,0.696,1,38.432
134,3,107,1.173,0,-2.918
135,3,281,0.681,1,37.674
136,3,215,0.680,1,30.907
137,3,350,0.695,1,36.726
138,3,27,2.036,0,-5.244
139,3,199,2.952,0,12.400
140,3,450,3.000,0,-3.665
141,3,301,0.692,1,30.541
142,3,437,0.698,1,33.499
143,3,467,0.690,1,36.284
144,3,445,0.689,1,33.165
145,3,600,3.489,0,18.598
146,3,540,0.699,1,33.798
147,3,71,1.742,0,-2.494
148,3,226,0.698,1,33.054
149,3,237,0.692,1,37.190
150,3,297,0.694,1,37.256
151,3,251,0.692,1,32.267
152,3,311,0.694,1,38.412
153,3,600,0.740,0,14.661
154,3,600,1.206,0,-2.225
155,3,374,1.645,0,6.348
156,3,517,0.686,1,37.760
157,3,600,2.516,0,24.853
158,3,191,0.692,1,28.814
159,3,265,0.694,1,35.925
160,3,491,0.694,1,36.318
161,3,360,0.697,1,36.065
162,3,216,0.694,1,33.333
163,3,203,0.686,1,31.805
164,3,208,0.692,1,31.581
165,3,367,1.281,0,0.317
166,3,156,2.505,0,0.026
167,3,359,0.691,1,34.724
168,3,325,0.700,1,39.053
169,3,189,1.211,0,1.334
170,3,417,0.696,1,33.890
171,3,39,2.813,0,-4.868
172,3,435,0.691,1,38.286
173,3,236,3.039,0,-2.490
174,3,249,0.691,1,33.473
175,3,262,0.689,1,35.552
176,3,330,0.694,1,31.329
177,3,325,1.325,0,2.435
178,3,198,0.693,1,32.231
179,3,300,0.686,1,33.259
180,3,4,4.717,0,-11.384
181,3,335,0.690,1,42.786
182,3,227,0.863,0,0.505
183,3,399,0.693,1,30.600
184,3,527,0.690,1,44.983
185,3,431,0.693,1,31.270
186,3,300,0.685,1,34.051
187,3,386,0.690,1,39.298
188,3,274,0.696,1,38.178
189,3,242,0.690,1,33.332
190,3,240,0.689,1,34.888
191,3,170,1.955,0,-0.526
192,3,250,0.688,1,34.484
193,3,414,0.688,1,36.899
194,3,309,3.246,0,2.893
195,3,297,0.684,1,38.339
196,3,490,0.680,1,29.831
197,3,264,0.690,1,36.613
198,3,6,0.638,0,-4.518
199,3,331,0.686,1,39.940
200,3,68,2.715,0,-4.732
201,3,145,0.751,0,1.577
202,3,478,0.698,1,44.210
203,3,232,5.121,0,-4.794
204,3,306,0.700,1,37.127
205,3,343,0.691,1,38.118
206,3,193,2.947,0,-8.157
207,3,187,0.712,0,1.666
208,3,407,0.698,1,38.147
209,3,316,0.697,1,34.844
210,3,413,0.686,1,31.701
211,3,455,0.694,1,37.526
212,3,219,0.696,1,33.698
213,3,489,0.699,1,43.969
214,3,408,0.686,1,34.153
215,3,408,0.687,1,36.057
216,3,129,5.891,0,-5.100
217,3,30,2.521,0,5.041
218,3,312,0.683,1,36.134
219,3,385,0.696,1,36.421
220,3,112,0.692,1,32.320
221,3,238,5.789,0,-17.097
222,3,372,0.685,1,41.767
223,3,115,0.692,1,34.926
224,3,12,1.189,0,-3.987
225,3,223,0.681,1,35.850
226,3,405,3.169,0,6.014
227,3,437,1.762,0,17.136
228,3,134,2.524,0,3.666
229,3,335,0.700,1,37.406
230,3,364,0.689,1,41.929
231,3,237,0.694,1,35.033
232,3,243,1.418,0,12.465
233,3,374,0.700,1,31.725
234,3,331,0.683,1,39.935
235,3,305,0.697,1,39.953
236,3,125,1.302,0,-1.508
237,3,333,3.191,0,2.253
238,3,256,1.832,0,15.783
239,3,235,0.683,1,35.417
240,3,201,1.314,0,-1.526
241,3,294,3.090,0,-11.199
242,3,148,0.688,1,31.384
243,3,195,0.683,1,31.103
244,3,398,0.692,1,42.568
245,3,107,0.691,1,28.723
246,3,39,2.516,0,-5.050
247,3,600,1.019,0,21.065
248,3,365,0.690,1,40.073
249,3,96,1.945,0,-5.789
250,3,600,0.564,1,12.190
251,3,422,0.682,1,41.534
252,3,281,0.683,1,38.566
253,3,290,0.689,1,37.917
254,3,83,1.516,0,3.805
255,3,526,0.692,1,32.341
256,3,497,0.698,1,43.964
257,3,600,1.034,0,17.064
258,3,203,0.695,1,30.815
259,3,397,2.086,0,19.596
260,3,305,0.699,1,36.850
261,3,10,2.106,0,-5.086
262,3,329,0.691,1,35.794
263,3,428,0.700,1,34.246
264,3,108,1.584,0,-2.543
265,3,309,1.510,0,-4.567
266,3,496,0.696,1,42.528
267,3,600,2.039,0,12.878
268,3,203,1.294,0,1.777
269,3,600,1.279,0,28.996
270,3,18,3.169,0,-5.038
271,3,375,1.124,0,1.047
272,3,600,1.946,0,1.670
273,3,348,0.924,0,8.312
274,3,600,2.775,0,21.315
275,3,182,2.487,0,-0.160
276,3,339,0.700,1,37.791
277,3,456,0.698,1,45.310
278,3,423,2.476,0,8.336
279,3,229,0.975,0,3.411
280,3,54,1.127,0,-2.359
281,3,353,0.694,1,39.323
282,3,600,1.270,0,1.473
283,3,451,0.694,1,38.027
284,3,307,0.679,1,39.142
285,3,600,1.013,0,15.717
286,3,469,0.693,1,44.276
287,3,291,0.694,1,36.613
288,3,235,0.698,1,31.810
289,3,177,0.698,1,32.586
290,3,600,3.169,0,10.680
291,3,600,1.488,0,-0.242
292,3,600,3.414,0,16.227
293,3,463,1.362,0,-7.044
294,3,568,0.689,1,32.500
295,3,600,1.270,0,3.309
296,3,600,0.931,0,27.156
297,3,434,0.694,1,40.744
298,3,322,1.825,0,7.252
299,3,600,4.113,0,5.128
300,3,571,0.695,1,47.955
301,3,310,0.699,1,36.766
302,3,600,0.715,0,24.361
303,3,407,1.734,0,15.554
304,3,369,0.680,1,41.277
305,3,161,5.347,0,-2.722
306,3,212,0.683,1,35.978
307,3,270,1.298,0,-3.636
308,3,265,0.684,1,39.143
309,3,368,0.700,1,39.025
310,3,397,0.801,0,-1.577
311,3,479,1.875,0,-8.397
312,3,438,2.447,0,-3.619
313,3,255,0.691,1,35.714
314,3,481,1.400,0,-5.681
315,3,600,1.163,0,16.735
316,3,600,1.908,0,22.356
317,3,156,1.369,0,-0.102
318,3,241,0.693,1,34.611
319,3,368,0.687,1,35.714
320,3,328,0.694,1,32.883
321,3,27,3.012,0,-8.336
322,3,281,0.683,1,34.381
323,3,547,0.696,1,29.003
324,3,218,0.691,1,33.111
325,3,290,0.697,1,33.069
326,3,121,2.595,0,-3.221
327,3,440,0.697,1,38.103
328,3,25,3.266,0,-4.035
329,3,211,1.336,0,-1.092
330,3,268,0.693,1,36.387
331,3,590,0.697,1,41.426
332,3,491,0.685,1,46.776
333,3,189,2.384,0,-4.400
334,3,266,0.699,1,38.939
335,3,600,1.253,0,0.837
336,3,276,0.696,1,30.029
337,3,445,0.691,1,44.436
338,3,234,0.695,1,35.983
339,3,422,0.695,1,44.986
340,3,3,2.914,0,-4.450
341,3,455,0.684,1,36.161
342,3,202,0.698,1,31.978
343,3,211,0.686,1,32.203
344,3,299,0.686,1,32.578
345,3,349,0.670,1,42.188
346,3,600,2.374,0,-2.327
347,3,337,0.697,1,36.985
348,3,314,0.685,1,35.161
349,3,233,0.682,1,33.630
350,3,281,0.678,1,39.621
351,3,223,0.676,1,36.738
352,3,122,0.676,1,31.087
353,3,600,2.467,0,4.422
354,3,153,0.691,1,32.818
355,3,600,3.476,0,17.000
356,3,515,0.690,1,42.043
357,3,370,0.696,1,40.203
358,3,356,0.695,1,35.320
359,3,600,1.508,0,12.914
360,3,104,2.525,0,-4.713
361,3,528,0.699,1,33.435
362,3,199,0.688,1,32.022
363,3,221,1.079,0,0.374
364,3,264,0.691,1,34.784
365,3,265,0.725,0,6.325
366,3,506,0.693,1,28.571
367,3,196,5.126,0,-3.526
368,3,345,0.677,1,45.000
369,3,587,0.698,1,36.134
370,3,380,0.681,1,45.677
371,3,273,0.693,1,35.652
372,3,355,0.690,1,35.415
373,3,499,0.677,1,40.029
374,3,433,0.693,1,33.580
375,3,253,0.696,1,37.360
376,3,392,0.689,1,37.880
377,3,596,0.699,1,35.311
378,3,600,1.555,0,27.461
379,3,436,0.688,1,39.182
380,3,600,1.860,0,23.119
381,3,429,0.693,1,33.433
382,3,352,0.686,1,34.740
383,3,259,0.699,1,36.872
384,3,245,0.699,1,33.762
385,3,600,1.750,0,23.970
386,3,252,0.698,1,31.143
387,3,220,0.690,1,35.718
388,3,266,0.686,1,35.935
389,3,304,0.683,1,33.888
390,3,356,0.680,1,35.836
391,3,163,0.685,1,30.507
392,3,421,0.699,1,42.533
393,3,444,0.693,1,42.228
394,3,14,5.769,0,-15.489
395,3,279,0.696,1,36.750
396,3,252,0.685,1,36.210
397,3,279,0.694,1,36.986
398,3,90,5.866,0,-6.003
399,3,106,0.684,1,27.948
400,3,102,1.309,0,-2.232
401,3,258,0.678,1,36.743
402,3,367,3.032,0,-9.158
403,3,375,0.699,1,45.002
404,3,322,0.697,1,37.868
405,3,245,0.686,1,35.724
406,3,600,3.818,0,17.596
407,3,94,3.206,0,-0.934
408,3,218,0.656,1,38.470
409,3,312,0.677,1,37.065
410,3,600,2.859,0,23.751
411,3,75,3.326,0,-2.915
412,3,22,2.487,0,-2.559
413,3,13,11.144,0,-31.122
414,3,154,0.691,1,29.016
415,3,438,3.056,0,-4.738
416,3,421,0.696,1,41.951
417,3,220,0.680,1,37.607
418,3,399,1.103,0,-0.815
419,3,4,4.592,0,-4.967
420,3,300,0.699,1,37.528
421,3,469,2.761,0,7.309
422,3,270,0.693,1,36.208
423,3,134,0.688,1,29.254
424,3,439,1.611,0,9.190
425,3,600,1.114,0,-0.395
426,3,448,0.688,1,33.416
427,3,275,0.695,1,35.936
428,3,171,2.564,0,1.351
429,3,282,0.699,1,33.879
430,3,190,0.698,1,35.902
431,3,364,1.892,0,11.673
432,3,404,0.697,1,42.980
433,3,90,2.575,0,0.591
434,3,113,1.303,0,2.848
435,3,81,1.268,0,-4.177
436,3,243,0.698,1,36.673
437,3,403,0.683,1,44.042
438,3,263,0.684,1,36.530
439,3,91,3.356,0,-7.038
440,3,306,1.793,0,15.379
441,3,354,0.694,1,39.311
442,3,29,15.582,0,-40.844
443,3,203,0.691,1,33.801
444,3,293,0.682,1,38.637
445,3,211,0.697,1,30.832
446,3,273,0.677,1,27.723
447,3,232,0.683,1,35.499
448,3,349,0.693,1,40.471
449,3,359,5.580,0,-4.954
450,3,600,2.069,0,15.466
451,3,300,0.763,0,16.270
452,3,329,0.684,1,40.179
453,3,213,0.692,1,35.527
454,3,238,3.276,0,-0.243
455,3,212,0.684,1,29.589
456,3,600,2.837,0,-4.313
457,3,198,0.687,1,31.998
458,3,240,0.685,1,31.191
459,3,509,0.677,1,32.698
460,3,460,0.692,1,46.590
461,3,241,0.699,1,34.007
462,3,247,0.698,1,33.943
463,3,49,5.820,0,-4.364
464,3,63,2.624,0,-5.288
465,3,275,0.696,1,34.550
466,3,380,0.693,1,33.140
467,3,219,2.903,0,-0.424
468,3,60,1.295,0,-0.777
469,3,8,3.612,0,-4.693
470,3,169,0.684,1,31.077
471,3,79,2.592,0,-7.443
472,3,208,0.692,1,32.332
473,3,280,0.678,1,37.595
474,3,211,0.683,1,34.541
475,3,452,0.692,1,45.264
476,3,225,0.692,1,36.542
477,3,285,0.697,1,38.027
478,3,57,1.140,0,-1.278
479,3,413,0.697,1,31.388
480,3,229,0.697,1,36.468
481,3,277,0.691,1,34.117
482,3,258,1.218,0,-1.188
483,3,298,0.692,1,34.159
484,3,447,0.693,1,44.794
485,3,48,3.752,0,-4.806
486,3,447,1.072,0,2.703
487,3,240,0.693,1,34.374
488,3,223,0.690,1,36.953
489,3,265,1.143,0,-0.646
490,3,308,0.683,1,35.348
491,3,102,1.277,0,-1.412
492,3,600,1.204,0,9.661
493,3,148,0.693,1,31.022
494,3,458,0.686,1,35.507
495,3,382,0.686,1,34.090
496,3,425,0.681,1,33.297
497,3,568,0.699,1,34.494
498,3,327,1.742,0,14.068
499,3,239,0.695,1,33.601
500,3,189,1.129,0,2.579
501,3,158,0.699,1,31.058
502,3,251,0.691,1,36.572
503,3,29,2.216,0,-4.938
504,3,134,4.598,0,-4.684
505,3,452,0.683,1,47.416
506,3,217,1.201,0,6.467
507,3,297,0.683,1,36.073
508,3,258,0.697,1,32.267
509,3,268,0.687,1,33.397
510,3,225,0.686,1,34.557
511,3,327,0.680,1,34.353
512,3,366,5.386,0,-14.564
513,3,277,0.695,1,44.165
514,3,600,3.015,0,18.764
515,3,209,0.696,1,29.786
516,3,199,0.695,1,34.746
517,3,346,0.685,1,35.170
518,3,465,0.699,1,33.163
519,3,600,0.841,0,21.544
520,3,130,0.693,1,34.439
521,3,243,0.690,1,37.644
522,3,333,0.699,1,32.960
523,3,388,0.680,1,41.560
524,3,94,1.353,0,1.169
525,3,382,0.694,1,31.715
526,3,31,3.927,0,-11.179
527,3,134,2.065,0,0.216
528,3,173,1.145,0,-3.708
529,3,323,0.684,1,35.805
530,3,237,1.186,0,-0.824
531,3,419,0.697,1,33.660
532,3,328,1.165,0,3.572
533,3,285,0.692,1,32.775
534,3,356,0.693,1,36.503
535,3,321,0.697,1,40.585
536,3,389,0.690,1,39.992
537,3,288,0.699,1,35.093
538,3,284,0.683,1,32.446
539,3,298,0.962,0,3.399
540,3,162,0.678,1,32.710
541,3,38,5.000,0,-12.464
542,3,346,0.687,1,33.474
543,3,450,0.700,1,33.083
544,3,372,0.699,1,35.337
545,3,314,0.693,1,40.353
546,3,324,0.698,1,36.820
547,3,373,0.693,1,40.175
548,3,198,0.684,1,32.548
549,3,303,0.699,1,37.052
550,3,600,0.941,0,32.265
551,3,346,1.781,0,-1.417
552,3,255,0.693,1,35.059
553,3,170,0.693,1,31.957
554,3,275,0.689,1,35.199
555,3,254,0.680,1,34.098
556,3,254,0.698,1,36.171
557,3,295,0.695,1,34.218
558,3,241,0.699,1,30.840
559,3,177,0.699,1,32.755
560,3,145,1.166,0,0.583
561,3,490,0.694,1,30.367
562,3,177,0.698,1,32.061
563,3,206,0.695,1,33.847
564,3,259,0.691,1,36.755
565,3,420,0.689,1,46.853
566,3,279,0.691,1,39.830
567,3,250,1.105,0,0.486
568,3,216,0.684,1,36.010
569,3,456,0.693,1,45.204
570,3,179,0.985,0,-1.755
571,3,255,0.694,1,30.706
572,3,435,0.692,1,39.634
573,3,278,4.425,0,-4.556
574,3,231,0.693,1,30.842
575,3,282,0.686,1,36.165
576,3,275,0.691,1,37.685
577,3,400,0.695,1,43.310
578,3,298,0.694,1,35.410
579,3,33,2.114,0,-5.827
580,3,228,0.690,1,35.091
581,3,304,0.680,1,36.460
582,3,427,0.694,1,45.228
583,3,156,0.697,1,30.926
584,3,171,0.686,1,32.849
585,3,282,0.696,1,35.909
586,3,134,5.359,0,-4.757
587,3,328,0.697,1,41.326
588,3,331,0.686,1,32.688
589,3,351,0.695,1,36.902
590,3,401,0.697,1,41.569
591,3,264,0.694,1,37.278
592,3,600,2.140,0,14.762
593,3,13,3.357,0,-4.853
594,3,427,0.681,1,45.708
595,3,211,0.694,1,33.823
596,3,199,0.685,1,33.038
597,3,435,0.700,1,29.772
598,3,110,0.632,1,28.601
599,3,78,2.418,0,-5.651
600,3,327,0.697,1,41.308
601,3,397,0.690,1,32.900
602,3,376,0.688,1,35.479
603,3,124,0.687,1,30.408
604,3,299,0.696,1,39.055
605,3,486,0.691,1,33.028
606,3,215,0.683,1,37.205
607,3,365,0.682,1,37.902
608,3,398,0.699,1,37.197
609,3,43,5.968,0,-5.167
610,3,293,0.697,1,39.060
611,3,410,0.693,1,39.953
612,3,59,2.719,0,-5.743
613,3,282,0.693,1,32.340
614,3,288,0.687,1,33.998
615,3,334,0.680,1,40.659
616,3,327,0.699,1,42.075
617,3,439,0.695,1,42.284
618,3,279,0.681,1,38.427
619,3,211,0.694,1,34.209
620,3,561,0.685,1,35.591
621,3,126,1.752,0,-3.024
622,3,286,0.698,1,39.423
623,3,218,0.685,1,33.822
624,3,37,2.570,0,-4.087
625,3,264,0.699,1,36.265
626,3,386,0.689,1,37.837
627,3,195,1.722,0,-3.051
628,3,139,0.680,1,32.094
629,3,210,0.690,1,34.090
630,3,254,0.698,1,38.006
631,3,340,0.695,1,37.020
632,3,362,0.696,1,38.670
633,3,201,0.687,1,32.736
634,3,348,0.689,1,36.858
635,3,12,7.309,0,-18.687
636,3,330,0.695,1,47.308
637,3,284,0.693,1,38.145
638,3,205,0.697,1,32.810
639,3,208,0.685,1,35.736
640,3,407,0.682,1,35.312
